<?xml version="1.0" encoding="UTF-8"?>
<project-private xmlns="http://www.netbeans.org/ns/project-private/1">
    <editor-bookmarks xmlns="http://www.netbeans.org/ns/editor-bookmarks/2" lastBookmarkId="0"/>
    <open-files xmlns="http://www.netbeans.org/ns/projectui-open-files/2">
        <group>
            <file>file:/C:/xampp/htdocs/klikpad/controllers/user.php</file>
            <file>file:/C:/xampp/htdocs/klikpad/views/purchase/history.php</file>
            <file>file:/C:/xampp/htdocs/klikpad/views/supplier/loadproduct.php</file>
            <file>file:/C:/xampp/htdocs/klikpad/views/purchase/status.php</file>
            <file>file:/C:/xampp/htdocs/klikpad/views/supplier/header.php</file>
            <file>file:/C:/xampp/htdocs/klikpad/views/supplier/index.php</file>
            <file>file:/C:/xampp/htdocs/klikpad/controllers/supplier.php</file>
            <file>file:/C:/xampp/htdocs/klikpad/views/user/review.php</file>
            <file>file:/C:/xampp/htdocs/klikpad/controllers/merchantproduct.php</file>
            <file>file:/C:/xampp/htdocs/klikpad/views/product/detail.php</file>
        </group>
    </open-files>
</project-private>
