<?xml version="1.0" encoding="UTF-8"?>
<project-private xmlns="http://www.netbeans.org/ns/project-private/1">
    <editor-bookmarks xmlns="http://www.netbeans.org/ns/editor-bookmarks/2" lastBookmarkId="0"/>
    <open-files xmlns="http://www.netbeans.org/ns/projectui-open-files/2">
        <group>
            <file>file:/C:/xampp/htdocs/klikpad/views/product/index.php</file>
            <file>file:/C:/xampp/htdocs/klikpad/libs/database.php</file>
            <file>file:/C:/xampp/htdocs/klikpad/views/index/index.php</file>
            <file>file:/C:/xampp/htdocs/klikpad/controllers/user.php</file>
            <file>file:/C:/xampp/htdocs/klikpad/views/user/review.php</file>
        </group>
    </open-files>
</project-private>
